nr,label,B,Be,V,S,A,P,R,lv,remark,gluco,ace,phos,cello,belowground,medicago,pH,WSA,whc
1,CT,0,0,0,0,0,0,0,0,CT,2.3744,1.8217,4.6491,0.3272,0.8,1.4,6.91,50.3094457,36.6
2,CT,0,0,0,0,0,0,0,0,CT,4.1383,1.4925,4.693,0.5028,94.6,145.6,7,58.92980517,33.9
3,CT,0,0,0,0,0,0,0,0,CT,3.2803,0.9717,9.9048,0.6445,160.3,208.7,6.9,40.95312909,41.7
4,CT,0,0,0,0,0,0,0,0,CT,3.8071,0.852,3.1327,0.5547,137.9,208.1,6.86,43.88301388,42
5,CT,0,0,0,0,0,0,0,0,CT,2.2427,1.4306,7.7977,0.3572,3.5,3.3,6.9,50.05912884,38.9
6,CT,0,0,0,0,0,0,0,0,CT,1.72,1.1234,10.7149,0.2933,46.4,84.9,6.88,48.00372948,29.5
7,CT,0,0,0,0,0,0,0,0,CT,1.277,0.6944,8.2008,0.3632,131.3,141.9,6.63,44.52122409,40
8,CT,0,0,0,0,0,0,0,0,CT,4.1463,1.5464,7.6341,0.2773,4,2,6.92,49.26068528,36.9
9,CT,0,0,0,0,0,0,0,0,CT,1.301,0.8859,5.5031,0.2434,36.1,67.8,7.05,72.64436644,38
10,CT,0,0,0,0,0,0,0,0,CT,2.2028,0.7263,5.3674,0.7343,68.6,115.6,6.97,77.62101362,29.2
11,S,0,0,0,1,0,0,0,1,S,2.2946,0.7702,4.2341,0.0559,40.6,80.4,6.72,39.89865969,39.9
12,S,0,0,0,1,0,0,0,1,S,2.7416,0.854,4.6212,0.5886,174.7,207.6,6.93,44.25111315,36.1
13,S,0,0,0,1,0,0,0,1,S,1.9315,1.0276,6.2414,0.2654,190.1,142.8,6.81,39.46644489,38.7
14,S,0,0,0,1,0,0,0,1,S,1.5763,1.9135,4.8127,0.3073,117.6,128.8,7,60.16112179,34.2
15,S,0,0,0,1,0,0,0,1,S,4.1383,1.3947,4.6252,0.6146,123,173.8,6.69,82.72973321,38.4
16,V,0,0,1,0,0,0,0,1,V,2.9212,1.1114,4.8526,0.5367,4.3,16.2,7,43.52296784,40.1
17,V,0,0,1,0,0,0,0,1,V,1.6721,1.1413,8.2367,0.3392,96.1,142.3,7.08,93.65917237,38.1
18,V,0,0,1,0,0,0,0,1,V,2.578,0.7203,6.9517,0.2993,7.9,25.9,6.97,34.44819308,33.9
19,V,0,0,1,0,0,0,0,1,V,2.3186,0.9238,5.2238,0.3053,83.6,115.1,6.99,94.94773519,38.9
20,V,0,0,1,0,0,0,0,1,V,1.6122,0.6325,4.5693,0.2434,13.4,34.2,6.97,50.14679776,36.2
21,Be,0,1,0,0,0,0,0,1,Be,2.0991,1.8616,6.1376,0.3552,33.1,56.9,6.77,32.06091772,38.3
22,Be,0,1,0,0,0,0,0,1,Be,2.4942,0.7323,7.5782,0.433,106.4,140.5,6.91,39.22459294,41
23,Be,0,1,0,0,0,0,0,1,Be,1.2491,0.9597,9.398,0.4609,79.2,122.7,7.06,81.47606037,40.4
24,Be,0,1,0,0,0,0,0,1,Be,2.7096,0.9578,7.698,0.2873,92.7,143.8,7.07,69.55200702,34.7
25,Be,0,1,0,0,0,0,0,1,Be,3.1287,1.2291,7.4386,0.3711,40.6,101.1,6.97,50.60352514,36.4
26,A,0,0,0,0,1,0,0,1,A,5.4991,1.6022,9.0229,1.2391,32.2,77.8,6.84,23.29153921,38.1
27,A,0,0,0,0,1,0,0,1,A,4.9524,1.6761,9.402,1.295,11.4,3.6,6.94,58.06098774,39.2
28,A,0,0,0,0,1,0,0,1,A,1.6761,0.7901,9.5576,0.3232,82.6,79.3,7.01,27.61322314,34.7
29,A,0,0,0,0,1,0,0,1,A,4.9763,1.1373,10.4076,1.2211,94.7,153.1,7,73.53082774,38.7
30,A,0,0,0,0,1,0,0,1,A,3.8789,0.9398,9.1067,0.5707,49.3,61.1,6.85,73.41325363,31.6
31,P,0,0,0,0,0,1,0,1,P,3.3521,1.5184,12.7102,0.5088,92,108.3,7.06,91.61266116,39.6
32,P,0,0,0,0,0,1,0,1,P,4.8247,2.5121,10.675,0.8959,81,107.3,6.83,25.20853859,35.9
33,P,0,0,0,0,0,1,0,1,P,5.6508,1.7639,10.248,1.4426,4.3,5.8,6.98,47.65963203,34.9
34,P,0,0,0,0,0,1,0,1,P,3.6435,1.0795,8.7994,0.7343,52.4,85.4,6.87,79.18367347,41.3
35,P,0,0,0,0,0,1,0,1,P,2.582,1.0176,9.6175,0.6644,70.7,69.9,6.94,49.9742848,35.2
36,R,0,0,0,0,0,0,1,1,R,3.7792,2.143,13.245,0.5766,75.8,138.2,6.92,32.21614227,28.8
37,R,0,0,0,0,0,0,1,1,R,3.0409,1.5164,7.9653,0.5766,40.8,67.3,6.98,40.65516139,25
38,R,0,0,0,0,0,0,1,1,R,3.823,1.8177,8.5639,1.0934,49.8,77.7,6.86,42.04359034,35.8
39,R,0,0,0,0,0,0,1,1,R,2.6418,1.1992,10.5553,0.6525,95.3,142.3,6.99,67.20026569,38
40,R,0,0,0,0,0,0,1,1,R,4.2181,1.5105,7.247,1.0914,14.8,21.7,6.98,43.29783694,36.2
41,Be-S,0,1,0,1,0,0,0,2,2f,3.5477,1.1373,11.4851,0.7602,119.9,170.2,6.91,58.13179782,43.3
42,Be-V,0,1,1,0,0,0,0,2,2f,3.2205,1.0954,8.1808,0.5328,120.5,172.3,6.94,55.76630255,40.9
43,Be-A,0,1,0,0,1,0,0,2,2f,4.4336,1.6601,10.3518,1.3947,2.1,16,7.06,60.34548677,38.8
44,V-P,0,0,1,0,0,1,0,2,2f,3.4998,1.9634,7.5982,1.1593,96,122,6.98,49.57616856,41.2
45,V-A,0,0,1,0,1,0,0,2,2f,2.9611,1.9275,8.524,0.6964,111.6,145.3,6.97,93.79443662,38.7
46,V-S,0,0,1,1,0,0,0,2,2f,5.7625,1.4686,9.0747,1.0715,20.6,44.2,6.81,50.38572028,39.2
47,A-R,0,0,0,0,1,0,1,2,2f,3.3681,1.6481,10.691,0.7662,30.6,69.6,6.96,51.85700234,41
48,P-R,0,0,0,0,0,1,1,2,2f,3.4918,1.3768,6.4409,0.4948,6.3,6,6.95,52.24040175,38.3
49,S-P,0,0,0,1,0,1,0,2,2f,2.8134,0.6106,4.27,0.3212,108,116.1,6.8,36.85839397,40.8
50,S-R,0,0,0,1,0,0,1,2,2f,2.0512,0.6365,3.2444,0.2095,141.5,163.4,6.94,81.52209708,37.7
51,Be-V-S-A,0,1,1,1,1,0,0,4,4f,2.6857,0.87,5.3674,0.5248,127.6,114.2,6.89,56.9138542,39.6
52,Be-V-S-P,0,1,1,1,0,1,0,4,4f,2.7895,0.4629,5.0442,0.3572,190.9,170.3,7,50.72299112,45.6
53,Be-V-S-R,0,1,1,1,0,0,1,4,4f,2.1829,1.2231,4.6611,0.4869,119.7,231.5,6.7,78.58828929,41.3
54,Be-V-A-P,0,1,1,0,1,1,0,4,4f,2.558,1.5763,7.5104,0.7622,27.1,61.9,6.75,38.36999398,40.7
55,S-V-A-P,0,0,1,1,1,1,0,4,4f,2.8533,0.9099,8.9231,0.3951,197.2,180.5,6.87,57.11452814,38.3
56,S-V-A-R,0,0,1,1,1,0,1,4,4f,,,,,133.5,77.8,6.91,,32.1
57,S-V-P-R,0,0,1,1,0,1,1,4,4f,2.9132,1.1693,6.824,0.3053,131.1,217,6.81,68.74472368,38.7
58,S-A-P-R,0,0,0,1,1,1,1,4,4f,1.8517,0.7044,5.9062,0.2195,114.7,176.8,6.81,83.40095087,42.6
59,V-A-P-R,0,0,1,0,1,1,1,4,4f,3.0489,1.0775,4.6331,0.9318,11.4,30.9,6.92,49.94439764,40.5
60,Be-A-P-R,0,1,0,0,1,1,1,4,4f,4.8806,1.6781,5.9181,0.5487,33.9,82.8,6.97,89.6218321,40.2
61,Be-S-V-A-P-R,0,1,1,1,1,1,1,6,6f,2.0791,0.8181,4.9644,0.5228,73.7,124.9,6.76,65.39222149,44.3
62,Be-S-V-A-P-R,0,1,1,1,1,1,1,6,6f,2.6059,1.1034,4.8965,0.3951,2.7,3.3,6.82,56.28748534,37.9
63,Be-S-V-A-P-R,0,1,1,1,1,1,1,6,6f,3.4559,1.4027,7.4466,0.3412,115.2,147.5,6.27,52.29668802,42.2
64,Be-S-V-A-P-R,0,1,1,1,1,1,1,6,6f,3.3242,2.0552,7.7977,0.6485,29.9,60.8,6.8,57.17866215,43.7
65,Be-S-V-A-P-R,0,1,1,1,1,1,1,6,6f,2.8174,0.8979,7.275,0.3612,24.3,19.5,6.84,69.34066649,41.3
66,Be-S-V-A-P-R,0,1,1,1,1,1,1,6,6f,2.2388,0.7443,6.9517,0.3232,139.1,169.3,6.86,83.22595415,35.9
67,Be-S-V-A-P-R,0,1,1,1,1,1,1,6,6f,2.6697,1.0056,8.959,0.2434,176.8,212.3,6.87,78.02867048,38.1
68,Be-S-V-A-P-R,0,1,1,1,1,1,1,6,6f,2.4942,0.9318,5.7026,0.3592,151.2,164.5,6.83,93.06257087,42.4
69,Be-S-V-A-P-R,0,1,1,1,1,1,1,6,6f,2.4143,1.2052,4.7369,0.3193,56.8,95,6.84,63.19074286,42.8
70,Be-S-V-A-P-R,0,1,1,1,1,1,1,6,6f,2.3465,0.7163,7.7339,0.2773,29.3,132.12,6.82,74.57811829,39.4
71,B,1,0,0,0,0,0,0,0,CT,2.2946,1.0475,4.8566,0.423,38.1,77.8,7,63.05783792,40.2
72,B,1,0,0,0,0,0,0,0,CT,1.9195,0.6265,4.5174,0.1656,59.8,141.8,6.91,63.52519214,37
73,B,1,0,0,0,0,0,0,0,CT,2.6897,0.6664,6.405,0.3432,95.8,126.7,6.84,42.08385482,35.9
74,B,1,0,0,0,0,0,0,0,CT,1.8078,0.7243,4.9205,0.4789,69.9,116.8,6.88,52.12564488,40.5
75,B,1,0,0,0,0,0,0,0,CT,2.2986,0.9438,4.4456,0.3292,116.3,106.1,6.95,75.66001509,35
76,B,1,0,0,0,0,0,0,0,CT,3.3322,0.3731,5.2756,0.1337,141.4,185.2,7.04,44.32378414,24.4
77,B,1,0,0,0,0,0,0,0,CT,1.7918,0.5846,5.4273,0.3372,89,124.2,6.58,71.35973948,43.4
78,B,1,0,0,0,0,0,0,0,CT,1.9315,0.5188,9.1386,0.2514,148.9,187.4,6.9,52.03344103,33.6
79,B,1,0,0,0,0,0,0,0,CT,1.704,0.3173,5.4512,0.3153,101.8,141.7,7.01,65.97600872,36.1
80,B,1,0,0,0,0,0,0,0,CT,2.2308,0.5248,4.7329,0.1836,89.7,129,6.98,55.70232377,42.4
81,S-B,1,0,0,1,0,0,0,1,S,1.7858,0.8276,6.2882,0.3338,104.9,167.6,6.81,43.97479991,37.6
82,S-B,1,0,0,1,0,0,0,1,S,0.9777,0.5926,7.5543,0.1716,236.2,163.6,6.83,38.83206969,37
83,S-B,1,0,0,1,0,0,0,1,S,2.0312,0.7782,4.3937,0.3193,41.4,60.4,6.84,51.03694318,37.5
84,S-B,1,0,0,1,0,0,0,1,S,2.8533,0.9617,5.9221,0.3971,35.1,68.2,6.88,55.08563211,44.1
85,S-B,1,0,0,1,0,0,0,1,S,1.281,0.9578,7.2829,0.4669,81.5,183,6.71,89.30632048,42.1
86,V-B,1,0,1,0,0,0,0,1,V,2.4582,0.7901,5.3674,0.5128,117.1,90.4,7,45.332002,42.9
87,V-B,1,0,1,0,0,0,0,1,V,1.696,0.9039,6.3172,0.2773,100.6,139.3,6.92,37.41833367,31.1
88,V-B,1,0,1,0,0,0,0,1,V,1.9355,0.87,6.0219,0.2474,1.5,16.1,7.02,60.56037961,38.5
89,V-B,1,0,1,0,0,0,0,1,V,2.1031,0.85,5.9381,0.2913,105.1,177.1,7.05,37.44389322,38.7
90,V-B,1,0,1,0,0,0,0,1,V,1.6242,0.5268,5.3355,0.3133,148.3,217.5,7.02,40.55734684,40.8
91,Be-B,1,1,0,0,0,0,0,1,Be,1.6003,0.9159,4.3658,0.6265,69.4,123.6,7.01,51.67547918,45.5
92,Be-B,1,1,0,0,0,0,0,1,Be,2.4263,1.0396,5.7625,0.6545,85.5,104.4,7.01,94.07630183,43.5
93,Be-B,1,1,0,0,0,0,0,1,Be,1.5404,0.9717,5.6428,0.6884,111.7,136.1,6.92,47.006067,34.8
94,Be-B,1,1,0,0,0,0,0,1,Be,2.5859,0.9418,8.117,0.5048,113.1,113,6.84,74.65496427,31.7
95,Be-B,1,1,0,0,0,0,0,1,Be,1.9514,1.0076,5.7505,0.4869,88.8,108.5,7.01,73.14126698,28.7
96,A-B,1,0,0,0,1,0,0,1,A,1.6202,1.0456,6.7282,0.4729,54.4,67.4,6.95,36.04717202,35.7
97,A-B,1,0,0,0,1,0,0,1,A,1.5444,1.0535,7.5623,0.5108,145.2,241.3,6.85,41.34495221,36.2
98,A-B,1,0,0,0,1,0,0,1,A,2.566,0.6345,5.5151,0.421,113.5,120.8,6.81,32.05673309,39.5
99,A-B,1,0,0,0,1,0,0,1,A,2.3744,0.6764,5.0522,0.5248,70.6,104.2,7.07,80.81645287,36.8
100,A-B,1,0,0,0,1,0,0,1,A,2.554,0.9597,6.3252,0.6146,44.5,94.9,7,57.26623484,33.3
101,P-B,1,0,0,0,0,1,0,1,P,2.9451,0.6545,6.2055,0.4809,69.2,96.8,6.93,66.81078248,42.1
102,P-B,1,0,0,0,0,1,0,1,P,2.2747,0.9997,8.109,0.5826,124.1,155.2,6.96,82.88929499,31.8
103,P-B,1,0,0,0,0,1,0,1,P,2.1789,0.7542,5.5151,0.2195,59.2,66.4,6.84,74.96903766,42.4
104,P-B,1,0,0,0,0,1,0,1,P,2.2308,0.5587,3.859,0.6684,8.3,14,6.9,40.09166085,38.2
105,P-B,1,0,0,0,0,1,0,1,P,1.9714,0.6425,5.1918,0.1576,135.5,120.9,7.02,69.4193815,37
106,R-B,1,0,0,0,0,0,1,1,R,1.5843,0.8281,4.3059,0.5587,66.7,85.5,6.99,49.641429,31.1
107,R-B,1,0,0,0,0,0,1,1,R,1.6481,0.6225,5.1878,0.1117,106.7,116.9,7.03,45.98736734,41.6
108,R-B,1,0,0,0,0,0,1,1,R,1.5603,0.9159,5.6707,0.2135,90.6,98.6,6.85,82.62833292,32.7
109,R-B,1,0,0,0,0,0,1,1,R,2.4742,0.7383,6.2972,0.3372,47.9,78.3,6.92,42.05027107,41.3
110,R-B,1,0,0,0,0,0,1,1,R,2.3026,0.6764,4.1623,0.4569,6.5,39.3,6.99,49.82378572,32.7
111,Be-S-B,1,1,0,1,0,0,0,2,2f,2.1869,0.6704,3.855,0.3452,141.4,183,6.88,33.58646332,41.7
112,Be-V-B,1,1,1,0,0,0,0,2,2f,2.4742,0.9877,5.0601,0.3671,9.2,36.3,6.98,51.70412613,44.8
113,Be-A-B,1,1,0,0,1,0,0,2,2f,1.4047,0.6006,5.97,0.2993,39.4,99.3,7.11,80.21390374,36.7
114,V-P-B,1,0,1,0,0,1,0,2,2f,1.9953,1.1194,5.2597,0.445,24.6,94.8,6.97,35.86118653,41.8
115,V-A-B,1,0,1,0,1,0,0,2,2f,1.7279,1.2092,5.8503,0.4051,162.1,163.9,6.87,44.7165693,36.4
116,V-S-B,1,0,1,1,0,0,0,2,2f,1.8996,1.3249,5.4512,0.3651,114.1,171.9,6.99,43.96656685,31.2
117,A-R-B,1,0,0,0,1,0,1,2,2f,2.7456,1.3907,6.4728,0.3193,61.8,113,7.04,40.12289715,35.1
118,P-R-B,1,0,0,0,0,1,1,2,2f,1.3409,1.2231,4.4855,0.2873,137.1,137.1,6.9,63.68233874,39
119,S-P-B,1,0,0,1,0,1,0,2,2f,1.5045,1.0715,4.4017,0.409,145.2,204.3,6.9,41.57973174,43.3
120,S-R-B,1,0,0,1,0,0,1,2,2f,1.7718,0.7782,4.3019,0.5826,250.1,198.4,6.82,43.67211209,39.3
121,Be-V-S-A-B,1,1,1,1,1,0,0,4,4f,1.5564,0.3073,2.554,0.0678,111.4,102.4,6.82,54.58558815,37.1
122,Be-V-S-P-B,1,1,1,1,0,1,0,4,4f,1.265,0.2953,3.5836,0.0718,98.4,147.2,6.91,52.21283444,42.3
123,Be-V-S-R-B,1,1,1,1,0,0,1,4,4f,1.4446,0.4609,3.4479,0.1317,55.7,176.4,6.87,72.71076524,33
124,Be-V-A-P-B,1,1,1,0,1,1,0,4,4f,1.9395,0.8041,6.6684,0.3312,62.1,144.1,6.74,82.48699203,41.8
125,S-V-A-P-B,1,0,1,1,1,1,0,4,4f,1.708,0.5367,3.0329,0.1317,137.2,186.3,6.81,92.91036278,23.9
126,S-V-A-R-B,1,0,1,1,1,0,1,4,4f,1.3967,0.7163,4.0505,0.1457,94.4,196.8,6.63,76.13598673,36.2
127,S-V-P-R-B,1,0,1,1,0,1,1,4,4f,1.9235,0.872,3.7472,0.2414,25.3,73.2,6.79,63.68183926,44
128,S-A-P-R-B,1,0,0,1,1,1,1,4,4f,1.5524,0.6565,3.0688,0.1696,68.5,106.2,6.8,53.07741935,32.8
129,V-A-P-R-B,1,0,1,0,1,1,1,4,4f,1.4247,0.5427,2.8054,0.0898,127.4,99.9,6.95,64.90925649,42.6
130,Be-A-P-R-B,1,1,0,0,1,1,1,4,4f,,,,,,125.7,7.02,,37.2
131,Be-S-V-A-P-R-B,1,1,1,1,1,1,1,6,6f,2.1589,0.9578,3.5397,0.2754,27.4,37.9,6.81,49.17912684,39.9
132,Be-S-V-A-P-R-B,1,1,1,1,1,1,1,6,6f,2.0153,0.415,3.7672,0.1437,120.5,187.7,6.84,48.90390693,31.3
133,Be-S-V-A-P-R-B,1,1,1,1,1,1,1,6,6f,1.5763,0.7243,4.5015,0.2055,91.7,127.9,6.85,65.3374018,40.6
134,Be-S-V-A-P-R-B,1,1,1,1,1,1,1,6,6f,1.5005,0.5248,3.0089,0.1756,124.1,180.3,6.87,67.8768996,39.4
135,Be-S-V-A-P-R-B,1,1,1,1,1,1,1,6,6f,2.4343,1.0875,4.4935,0.2714,149.6,186.4,6.88,78.07520292,42.3
136,Be-S-V-A-P-R-B,1,1,1,1,1,1,1,6,6f,1.9115,0.7822,6.7921,0.3232,160.4,117.3,6.86,61.70608216,39.6
137,Be-S-V-A-P-R-B,1,1,1,1,1,1,1,6,6f,1.5923,0.7742,5.5869,0.3632,137.3,160.7,6.91,70.6371284,36
138,Be-S-V-A-P-R-B,1,1,1,1,1,1,1,6,6f,1.277,0.7502,2.9092,0.1656,122.8,188,6.82,46.4608637,44.3
139,Be-S-V-A-P-R-B,1,1,1,1,1,1,1,6,6f,1.6402,0.6864,8.7754,0.1676,117.1,145,6.6,28.48574238,36.8
140,Be-S-V-A-P-R-B,1,1,1,1,1,1,1,6,6f,1.8237,0.7303,5.3475,0.3073,222.9,206.4,6.91,92.96130855,35.7
